{
"version": "1.0",
"lang" : "pt-br",
"name" : "Sistema Cobranças",
"scope" : "/",
"display" : "standalone",
"start_url" : "index.php",
"short_name" : "Sistema Cobranças",
"description" : "Sistema Cobranças",
"orientation" : "portrait",
"background_color": "#fff",
"theme_color": "#fff",
"generated" : "true",
  "icons": [
    {
      "src": "images/favicon_192.png",
      "sizes": "192x192",
      "type": "image/png"
    },
    {
      "src": "images/favicon_512.png",
      "sizes": "512x512",
      "type": "image/png"
    }
  ]
}